[
    {
        "FirstName": "Clayborne",
        "LastName": "Guppy",
        "Make": "Volvo",
        "Model": "S80",
        "Year": 2008,
        "Color": "Blue"
    },
    {
        "FirstName": "Leicester",
        "LastName": "Zmitruk",
        "Make": "Ford",
        "Model": "Freestar",
        "Year": 2003,
        "Color": "Teal"
    },
    {
        "FirstName": "Melissa",
        "LastName": "Gimblett",
        "Make": "Ford",
        "Model": "Explorer",
        "Year": 2009,
        "Color": "Indigo"
    },
    {
        "FirstName": "Rudyard",
        "LastName": "Dedham",
        "Make": "Mazda",
        "Model": "Miata MX-5",
        "Year": 1999,
        "Color": "Turquoise"
    },
    {
        "FirstName": "Currie",
        "LastName": "Wildor",
        "Make": "Volvo",
        "Model": "S60",
        "Year": 2008,
        "Color": "Maroon"
    },
    {
        "FirstName": "Fields",
        "LastName": "Touson",
        "Make": "Acura",
        "Model": "RDX",
        "Year": 2011,
        "Color": "Orange"
    },
    {
        "FirstName": "Giorgi",
        "LastName": "Danick",
        "Make": "Buick",
        "Model": "Verano",
        "Year": 2012,
        "Color": "Red"
    },
    {
        "FirstName": "Phillipe",
        "LastName": "Nelthorp",
        "Make": "Dodge",
        "Model": "Ram 3500",
        "Year": 1999,
        "Color": "Indigo"
    },
    {
        "FirstName": "Frazier",
        "LastName": "McLoney",
        "Make": "Pontiac",
        "Model": "G5",
        "Year": 2009,
        "Color": "Fuscia"
    },
    {
        "FirstName": "Phil",
        "LastName": "Geist",
        "Make": "Pontiac",
        "Model": "GTO",
        "Year": 1965,
        "Color": "Blue"
    },
    {
        "FirstName": "Brenda",
        "LastName": "Yockley",
        "Make": "Hummer",
        "Model": "H3",
        "Year": 2008,
        "Color": "Orange"
    },
    {
        "FirstName": "Janelle",
        "LastName": "Schimaschke",
        "Make": "Nissan",
        "Model": "Cube",
        "Year": 2011,
        "Color": "Khaki"
    },
    {
        "FirstName": "Mellisent",
        "LastName": "Callendar",
        "Make": "Mercury",
        "Model": "Sable",
        "Year": 1986,
        "Color": "Fuscia"
    },
    {
        "FirstName": "Anselma",
        "LastName": "Peachey",
        "Make": "Mercury",
        "Model": "Villager",
        "Year": 1999,
        "Color": "Purple"
    },
    {
        "FirstName": "Arnoldo",
        "LastName": "Bahl",
        "Make": "Suzuki",
        "Model": "Reno",
        "Year": 2007,
        "Color": "Mauv"
    },
    {
        "FirstName": "Collie",
        "LastName": "Coopman",
        "Make": "Chevrolet",
        "Model": "Colorado",
        "Year": 2007,
        "Color": "Teal"
    },
    {
        "FirstName": "Charla",
        "LastName": "Jansky",
        "Make": "Toyota",
        "Model": "Matrix",
        "Year": 2004,
        "Color": "Mauv"
    },
    {
        "FirstName": "Arv",
        "LastName": "Fabbri",
        "Make": "Mercedes-Benz",
        "Model": "S-Class",
        "Year": 1986,
        "Color": "Orange"
    },
    {
        "FirstName": "Steward",
        "LastName": "Cluer",
        "Make": "Chevrolet",
        "Model": "Venture",
        "Year": 1998,
        "Color": "Green"
    },
    {
        "FirstName": "Bennie",
        "LastName": "Priden",
        "Make": "Infiniti",
        "Model": "QX",
        "Year": 2005,
        "Color": "Fuscia"
    },
    {
        "FirstName": "Abigael",
        "LastName": "Raddenbury",
        "Make": "GMC",
        "Model": "1500 Club Coupe",
        "Year": 1995,
        "Color": "Purple"
    },
    {
        "FirstName": "Florencia",
        "LastName": "Troman",
        "Make": "Porsche",
        "Model": "Cayenne",
        "Year": 2012,
        "Color": "Yellow"
    },
    {
        "FirstName": "Faina",
        "LastName": "Ruselin",
        "Make": "Scion",
        "Model": "xD",
        "Year": 2009,
        "Color": "Fuscia"
    },
    {
        "FirstName": "Roxi",
        "LastName": "Lovelace",
        "Make": "Maserati",
        "Model": "GranSport",
        "Year": 2005,
        "Color": "Purple"
    },
    {
        "FirstName": "Crissy",
        "LastName": "Ambrogioni",
        "Make": "Volkswagen",
        "Model": "Vanagon",
        "Year": 1984,
        "Color": "Orange"
    },
    {
        "FirstName": "Jean",
        "LastName": "Gerdts",
        "Make": "Acura",
        "Model": "TL",
        "Year": 2012,
        "Color": "Fuscia"
    },
    {
        "FirstName": "Stanly",
        "LastName": "Mitskevich",
        "Make": "Eagle",
        "Model": "Summit",
        "Year": 1993,
        "Color": "Khaki"
    },
    {
        "FirstName": "Iggie",
        "LastName": "Bastable",
        "Make": "Acura",
        "Model": "Legend",
        "Year": 1988,
        "Color": "Orange"
    },
    {
        "FirstName": "Charlotta",
        "LastName": "Fleckno",
        "Make": "Ford",
        "Model": "Expedition",
        "Year": 1997,
        "Color": "Violet"
    },
    {
        "FirstName": "Moritz",
        "LastName": "Wyper",
        "Make": "GMC",
        "Model": "Savana 2500",
        "Year": 2006,
        "Color": "Goldenrod"
    },
    {
        "FirstName": "Elora",
        "LastName": "Younie",
        "Make": "Ram",
        "Model": "1500",
        "Year": 2012,
        "Color": "Blue"
    },
    {
        "FirstName": "Ivie",
        "LastName": "Drohane",
        "Make": "Mitsubishi",
        "Model": "Montero",
        "Year": 1994,
        "Color": "Violet"
    },
    {
        "FirstName": "Teodorico",
        "LastName": "Besnard",
        "Make": "Ford",
        "Model": "Mustang",
        "Year": 1998,
        "Color": "Puce"
    },
    {
        "FirstName": "Kerwin",
        "LastName": "Belding",
        "Make": "Isuzu",
        "Model": "i-290",
        "Year": 2008,
        "Color": "Blue"
    },
    {
        "FirstName": "Zeke",
        "LastName": "Eckley",
        "Make": "Mercury",
        "Model": "Sable",
        "Year": 2005,
        "Color": "Goldenrod"
    },
    {
        "FirstName": "Brucie",
        "LastName": "Crown",
        "Make": "Saab",
        "Model": "9000",
        "Year": 1987,
        "Color": "Goldenrod"
    },
    {
        "FirstName": "Brit",
        "LastName": "Gravell",
        "Make": "Ford",
        "Model": "Escort",
        "Year": 1988,
        "Color": "Maroon"
    },
    {
        "FirstName": "Hill",
        "LastName": "Anker",
        "Make": "Nissan",
        "Model": "Altima",
        "Year": 2007,
        "Color": "Teal"
    },
    {
        "FirstName": "Maggy",
        "LastName": "Flay",
        "Make": "Pontiac",
        "Model": "G8",
        "Year": 2008,
        "Color": "Blue"
    },
    {
        "FirstName": "Randa",
        "LastName": "Carder",
        "Make": "Lexus",
        "Model": "GS",
        "Year": 2008,
        "Color": "Indigo"
    },
    {
        "FirstName": "Beatrisa",
        "LastName": "Stiven",
        "Make": "Mitsubishi",
        "Model": "Excel",
        "Year": 1989,
        "Color": "Crimson"
    },
    {
        "FirstName": "Antonin",
        "LastName": "Champneys",
        "Make": "Mercury",
        "Model": "Tracer",
        "Year": 1988,
        "Color": "Purple"
    },
    {
        "FirstName": "Ogden",
        "LastName": "Winterbotham",
        "Make": "Buick",
        "Model": "Reatta",
        "Year": 1991,
        "Color": "Red"
    },
    {
        "FirstName": "Elie",
        "LastName": "Helleker",
        "Make": "Oldsmobile",
        "Model": "98",
        "Year": 1994,
        "Color": "Orange"
    },
    {
        "FirstName": "Torrence",
        "LastName": "Fayre",
        "Make": "Honda",
        "Model": "CR-V",
        "Year": 2004,
        "Color": "Puce"
    },
    {
        "FirstName": "Rafaelia",
        "LastName": "Purple",
        "Make": "Mazda",
        "Model": "Mazda2",
        "Year": 2012,
        "Color": "Turquoise"
    },
    {
        "FirstName": "Jermaine",
        "LastName": "Stebbings",
        "Make": "Dodge",
        "Model": "Dakota",
        "Year": 2008,
        "Color": "Yellow"
    },
    {
        "FirstName": "Rochester",
        "LastName": "Bahde",
        "Make": "GMC",
        "Model": "Sierra 2500",
        "Year": 2008,
        "Color": "Mauv"
    },
    {
        "FirstName": "Kennith",
        "LastName": "Sitwell",
        "Make": "Pontiac",
        "Model": "Firebird",
        "Year": 1998,
        "Color": "Puce"
    },
    {
        "FirstName": "Brinn",
        "LastName": "Lyste",
        "Make": "Chevrolet",
        "Model": "Silverado 2500",
        "Year": 2010,
        "Color": "Green"
    },
    {
        "FirstName": "Rori",
        "LastName": "Sarfass",
        "Make": "Ford",
        "Model": "Transit Connect",
        "Year": 2011,
        "Color": "Violet"
    },
    {
        "FirstName": "Vincents",
        "LastName": "Thursby",
        "Make": "Porsche",
        "Model": "944",
        "Year": 1986,
        "Color": "Aquamarine"
    },
    {
        "FirstName": "Sullivan",
        "LastName": "Filimore",
        "Make": "Pontiac",
        "Model": "Grand Prix",
        "Year": 1988,
        "Color": "Pink"
    },
    {
        "FirstName": "Gherardo",
        "LastName": "Farmer",
        "Make": "Chevrolet",
        "Model": "Corvair",
        "Year": 1960,
        "Color": "Red"
    },
    {
        "FirstName": "Sylvan",
        "LastName": "Swift",
        "Make": "Toyota",
        "Model": "Echo",
        "Year": 2005,
        "Color": "Indigo"
    },
    {
        "FirstName": "Doralynne",
        "LastName": "Dreghorn",
        "Make": "Chevrolet",
        "Model": "Corvette",
        "Year": 1970,
        "Color": "Purple"
    },
    {
        "FirstName": "Ferrell",
        "LastName": "Purver",
        "Make": "Mercedes-Benz",
        "Model": "190E",
        "Year": 1993,
        "Color": "Green"
    },
    {
        "FirstName": "Jenifer",
        "LastName": "Rough",
        "Make": "Honda",
        "Model": "Prelude",
        "Year": 1993,
        "Color": "Indigo"
    },
    {
        "FirstName": "Tiffany",
        "LastName": "Rubens",
        "Make": "Lotus",
        "Model": "Esprit",
        "Year": 1998,
        "Color": "Goldenrod"
    },
    {
        "FirstName": "Lavina",
        "LastName": "Crispin",
        "Make": "Mercedes-Benz",
        "Model": "CLK-Class",
        "Year": 2009,
        "Color": "Puce"
    },
    {
        "FirstName": "Archer",
        "LastName": "Bouzek",
        "Make": "Chevrolet",
        "Model": "Silverado 1500",
        "Year": 2003,
        "Color": "Crimson"
    },
    {
        "FirstName": "Jimmy",
        "LastName": "Brizell",
        "Make": "BMW",
        "Model": "5 Series",
        "Year": 2009,
        "Color": "Orange"
    },
    {
        "FirstName": "Nance",
        "LastName": "Heugle",
        "Make": "Chevrolet",
        "Model": "Astro",
        "Year": 2004,
        "Color": "Indigo"
    },
    {
        "FirstName": "Luis",
        "LastName": "Dionisio",
        "Make": "Lincoln",
        "Model": "Navigator L",
        "Year": 2009,
        "Color": "Teal"
    },
    {
        "FirstName": "Phoebe",
        "LastName": "Barhims",
        "Make": "Nissan",
        "Model": "Sentra",
        "Year": 1997,
        "Color": "Green"
    },
    {
        "FirstName": "Lamar",
        "LastName": "Corwin",
        "Make": "Nissan",
        "Model": "Murano",
        "Year": 2012,
        "Color": "Red"
    },
    {
        "FirstName": "Fannie",
        "LastName": "Eastby",
        "Make": "Mitsubishi",
        "Model": "Truck",
        "Year": 1996,
        "Color": "Blue"
    },
    {
        "FirstName": "Bronny",
        "LastName": "Eilhersen",
        "Make": "BMW",
        "Model": "M3",
        "Year": 1997,
        "Color": "Teal"
    },
    {
        "FirstName": "Aila",
        "LastName": "McKilroe",
        "Make": "Lamborghini",
        "Model": "Murciélago",
        "Year": 2002,
        "Color": "Indigo"
    },
    {
        "FirstName": "Norton",
        "LastName": "Dunnan",
        "Make": "Fillmore",
        "Model": "Fillmore",
        "Year": 1960,
        "Color": "Indigo"
    },
    {
        "FirstName": "Hope",
        "LastName": "Iban",
        "Make": "Honda",
        "Model": "Accord",
        "Year": 2006,
        "Color": "Fuscia"
    },
    {
        "FirstName": "Roze",
        "LastName": "Adamsson",
        "Make": "Chevrolet",
        "Model": "Express 3500",
        "Year": 2005,
        "Color": "Purple"
    },
    {
        "FirstName": "Pamelina",
        "LastName": "Sibbering",
        "Make": "BMW",
        "Model": "5 Series",
        "Year": 2006,
        "Color": "Blue"
    },
    {
        "FirstName": "Abraham",
        "LastName": "Crewes",
        "Make": "Nissan",
        "Model": "240SX",
        "Year": 1995,
        "Color": "Purple"
    },
    {
        "FirstName": "Camille",
        "LastName": "MacAlaster",
        "Make": "GMC",
        "Model": "Sierra 3500",
        "Year": 2003,
        "Color": "Khaki"
    },
    {
        "FirstName": "Kenton",
        "LastName": "Furmonger",
        "Make": "Mercury",
        "Model": "Cougar",
        "Year": 1999,
        "Color": "Khaki"
    },
    {
        "FirstName": "Gina",
        "LastName": "Gilliver",
        "Make": "Plymouth",
        "Model": "Grand Voyager",
        "Year": 1995,
        "Color": "Turquoise"
    },
    {
        "FirstName": "Harrison",
        "LastName": "Devine",
        "Make": "Chevrolet",
        "Model": "Sonic",
        "Year": 2012,
        "Color": "Yellow"
    },
    {
        "FirstName": "Odetta",
        "LastName": "McFee",
        "Make": "Pontiac",
        "Model": "Montana",
        "Year": 2006,
        "Color": "Teal"
    },
    {
        "FirstName": "Guntar",
        "LastName": "Wastling",
        "Make": "Pontiac",
        "Model": "Bonneville",
        "Year": 1967,
        "Color": "Violet"
    },
    {
        "FirstName": "Georgie",
        "LastName": "Freire",
        "Make": "MINI",
        "Model": "Clubman",
        "Year": 2010,
        "Color": "Turquoise"
    },
    {
        "FirstName": "Miof mela",
        "LastName": "Boykett",
        "Make": "Honda",
        "Model": "Element",
        "Year": 2010,
        "Color": "Aquamarine"
    },
    {
        "FirstName": "Lyell",
        "LastName": "Haskew",
        "Make": "Ford",
        "Model": "Mustang",
        "Year": 2007,
        "Color": "Fuscia"
    },
    {
        "FirstName": "Tawnya",
        "LastName": "McCaughan",
        "Make": "Saturn",
        "Model": "Outlook",
        "Year": 2009,
        "Color": "Teal"
    },
    {
        "FirstName": "Debbie",
        "LastName": "Giannoni",
        "Make": "Cadillac",
        "Model": "Escalade ESV",
        "Year": 2005,
        "Color": "Turquoise"
    },
    {
        "FirstName": "Gus",
        "LastName": "Sottell",
        "Make": "Suzuki",
        "Model": "Daewoo Lacetti",
        "Year": 2004,
        "Color": "Violet"
    },
    {
        "FirstName": "Koralle",
        "LastName": "Harriman",
        "Make": "Acura",
        "Model": "TL",
        "Year": 2012,
        "Color": "Aquamarine"
    },
    {
        "FirstName": "Northrup",
        "LastName": "Le Galle",
        "Make": "Subaru",
        "Model": "Baja",
        "Year": 2003,
        "Color": "Fuscia"
    },
    {
        "FirstName": "Bobbette",
        "LastName": "Demare",
        "Make": "Ford",
        "Model": "Bronco",
        "Year": 1990,
        "Color": "Violet"
    },
    {
        "FirstName": "Jone",
        "LastName": "Barajaz",
        "Make": "BMW",
        "Model": "Z3",
        "Year": 1997,
        "Color": "Maroon"
    },
    {
        "FirstName": "Cobb",
        "LastName": "McIndoe",
        "Make": "Ford",
        "Model": "Five Hundred",
        "Year": 2006,
        "Color": "Yellow"
    },
    {
        "FirstName": "Hollis",
        "LastName": "Stirman",
        "Make": "Mercedes-Benz",
        "Model": "SLR McLaren",
        "Year": 2006,
        "Color": "Blue"
    },
    {
        "FirstName": "Eduard",
        "LastName": "Upson",
        "Make": "Audi",
        "Model": "A6",
        "Year": 2006,
        "Color": "Indigo"
    },
    {
        "FirstName": "Odilia",
        "LastName": "Hellewell",
        "Make": "GMC",
        "Model": "Yukon",
        "Year": 2003,
        "Color": "Indigo"
    },
    {
        "FirstName": "Flo",
        "LastName": "Slavin",
        "Make": "GMC",
        "Model": "Yukon XL 2500",
        "Year": 2002,
        "Color": "Yellow"
    },
    {
        "FirstName": "Jeane",
        "LastName": "Gavaran",
        "Make": "Lexus",
        "Model": "LS",
        "Year": 1995,
        "Color": "Purple"
    },
    {
        "FirstName": "Gibby",
        "LastName": "Taffley",
        "Make": "Dodge",
        "Model": "Dakota",
        "Year": 1993,
        "Color": "Puce"
    },
    {
        "FirstName": "Frank",
        "LastName": "Khrishtafovich",
        "Make": "Ford",
        "Model": "Crown Victoria",
        "Year": 1999,
        "Color": "Yellow"
    },
    {
        "FirstName": "Bobbye",
        "LastName": "Ffoulkes",
        "Make": "Nissan",
        "Model": "Versa",
        "Year": 2007,
        "Color": "Indigo"
    },
    {
        "FirstName": "Lenette",
        "LastName": "Laurenz",
        "Make": "Mercedes-Benz",
        "Model": "R-Class",
        "Year": 2012,
        "Color": "Crimson"
    },
    {
        "FirstName": "Cathy",
        "LastName": "Mourant",
        "Make": "Maserati",
        "Model": "Biturbo",
        "Year": 1984,
        "Color": "Green"
    },
    {
        "FirstName": "Gertie",
        "LastName": "Bartocci",
        "Make": "Cadillac",
        "Model": "Escalade EXT",
        "Year": 2004,
        "Color": "Goldenrod"
    },
    {
        "FirstName": "Winny",
        "LastName": "Rheaume",
        "Make": "Ford",
        "Model": "F350",
        "Year": 2002,
        "Color": "Khaki"
    },
    {
        "FirstName": "Omero",
        "LastName": "Winridge",
        "Make": "Subaru",
        "Model": "Outback",
        "Year": 2002,
        "Color": "Blue"
    },
    {
        "FirstName": "Bo",
        "LastName": "Spalton",
        "Make": "Maybach",
        "Model": "57",
        "Year": 2007,
        "Color": "Violet"
    },
    {
        "FirstName": "Raychel",
        "LastName": "Minard",
        "Make": "Toyota",
        "Model": "Corolla",
        "Year": 2008,
        "Color": "Maroon"
    },
    {
        "FirstName": "Linnie",
        "LastName": "Cheales",
        "Make": "Mitsubishi",
        "Model": "Challenger",
        "Year": 1999,
        "Color": "Fuscia"
    },
    {
        "FirstName": "Mose",
        "LastName": "Vasenin",
        "Make": "Chevrolet",
        "Model": "Suburban 1500",
        "Year": 1992,
        "Color": "Aquamarine"
    },
    {
        "FirstName": "Ramona",
        "LastName": "Bebb",
        "Make": "Pontiac",
        "Model": "Vibe",
        "Year": 2007,
        "Color": "Goldenrod"
    },
    {
        "FirstName": "Elvera",
        "LastName": "Bastone",
        "Make": "Land Rover",
        "Model": "Range Rover",
        "Year": 2006,
        "Color": "Orange"
    },
    {
        "FirstName": "Briggs",
        "LastName": "Rolfe",
        "Make": "Saturn",
        "Model": "Sky",
        "Year": 2009,
        "Color": "Mauv"
    },
    {
        "FirstName": "Mada",
        "LastName": "Charrier",
        "Make": "Chevrolet",
        "Model": "Beretta",
        "Year": 1994,
        "Color": "Red"
    },
    {
        "FirstName": "Betsey",
        "LastName": "Peaden",
        "Make": "Ford",
        "Model": "Ranger",
        "Year": 1999,
        "Color": "Mauv"
    },
    {
        "FirstName": "Moreen",
        "LastName": "Heaps",
        "Make": "Dodge",
        "Model": "Avenger",
        "Year": 1999,
        "Color": "Crimson"
    },
    {
        "FirstName": "Herbert",
        "LastName": "Mattek",
        "Make": "BMW",
        "Model": "7 Series",
        "Year": 2001,
        "Color": "Green"
    },
    {
        "FirstName": "Maryellen",
        "LastName": "Platts",
        "Make": "Dodge",
        "Model": "Ram 3500",
        "Year": 2006,
        "Color": "Indigo"
    },
    {
        "FirstName": "Bondy",
        "LastName": "Teresi",
        "Make": "Volkswagen",
        "Model": "Routan",
        "Year": 2012,
        "Color": "Yellow"
    },
    {
        "FirstName": "Cirilo",
        "LastName": "Syvret",
        "Make": "Jeep",
        "Model": "Liberty",
        "Year": 2004,
        "Color": "Mauv"
    },
    {
        "FirstName": "Adriena",
        "LastName": "Melendez",
        "Make": "Suzuki",
        "Model": "Esteem",
        "Year": 1996,
        "Color": "Indigo"
    },
    {
        "FirstName": "Alden",
        "LastName": "Kieran",
        "Make": "Dodge",
        "Model": "Ram 2500 Club",
        "Year": 1995,
        "Color": "Crimson"
    },
    {
        "FirstName": "Sande",
        "LastName": "McNamee",
        "Make": "Volvo",
        "Model": "850",
        "Year": 1995,
        "Color": "Fuscia"
    },
    {
        "FirstName": "Jorge",
        "LastName": "Tyce",
        "Make": "Pontiac",
        "Model": "Sunbird",
        "Year": 1990,
        "Color": "Blue"
    },
    {
        "FirstName": "Duff",
        "LastName": "Pellamont",
        "Make": "Ford",
        "Model": "Taurus",
        "Year": 2002,
        "Color": "Yellow"
    },
    {
        "FirstName": "Randy",
        "LastName": "Prene",
        "Make": "Ford",
        "Model": "Tempo",
        "Year": 1994,
        "Color": "Yellow"
    },
    {
        "FirstName": "Karisa",
        "LastName": "Beininck",
        "Make": "GMC",
        "Model": "Envoy",
        "Year": 2005,
        "Color": "Puce"
    },
    {
        "FirstName": "Milly",
        "LastName": "Ridewood",
        "Make": "Jeep",
        "Model": "Wrangler",
        "Year": 2006,
        "Color": "Crimson"
    },
    {
        "FirstName": "Bendicty",
        "LastName": "Shaves",
        "Make": "Ford",
        "Model": "F150",
        "Year": 1999,
        "Color": "Green"
    },
    {
        "FirstName": "Genvieve",
        "LastName": "Eakeley",
        "Make": "Hyundai",
        "Model": "XG350",
        "Year": 2005,
        "Color": "Crimson"
    },
    {
        "FirstName": "Daune",
        "LastName": "Meardon",
        "Make": "Chevrolet",
        "Model": "Express 2500",
        "Year": 2001,
        "Color": "Blue"
    },
    {
        "FirstName": "Ailee",
        "LastName": "Simonich",
        "Make": "Honda",
        "Model": "Prelude",
        "Year": 1997,
        "Color": "Red"
    },
    {
        "FirstName": "Danita",
        "LastName": "Darrell",
        "Make": "Nissan",
        "Model": "Pathfinder",
        "Year": 2003,
        "Color": "Puce"
    },
    {
        "FirstName": "Korey",
        "LastName": "Kures",
        "Make": "Suzuki",
        "Model": "Kizashi",
        "Year": 2010,
        "Color": "Violet"
    },
    {
        "FirstName": "Katee",
        "LastName": "Gullivent",
        "Make": "Saturn",
        "Model": "Outlook",
        "Year": 2010,
        "Color": "Yellow"
    },
    {
        "FirstName": "Nichols",
        "LastName": "Budge",
        "Make": "Mercury",
        "Model": "Cougar",
        "Year": 1970,
        "Color": "Teal"
    },
    {
        "FirstName": "Darbee",
        "LastName": "Jepson",
        "Make": "Chevrolet",
        "Model": "Venture",
        "Year": 1998,
        "Color": "Red"
    },
    {
        "FirstName": "Ronnie",
        "LastName": "Cubberley",
        "Make": "Mercedes-Benz",
        "Model": "SL-Class",
        "Year": 2001,
        "Color": "Puce"
    },
    {
        "FirstName": "Robb",
        "LastName": "Churcher",
        "Make": "Suzuki",
        "Model": "SX4",
        "Year": 2012,
        "Color": "Mauv"
    },
    {
        "FirstName": "Conrado",
        "LastName": "Jeanet",
        "Make": "Honda",
        "Model": "Prelude",
        "Year": 1992,
        "Color": "Turquoise"
    },
    {
        "FirstName": "Osbourne",
        "LastName": "Poynter",
        "Make": "Toyota",
        "Model": "Corolla",
        "Year": 2001,
        "Color": "Yellow"
    },
    {
        "FirstName": "Celia",
        "LastName": "Ertel",
        "Make": "Ford",
        "Model": "F-Series",
        "Year": 1997,
        "Color": "Indigo"
    },
    {
        "FirstName": "Pooh",
        "LastName": "Queenborough",
        "Make": "Lexus",
        "Model": "SC",
        "Year": 1996,
        "Color": "Khaki"
    },
    {
        "FirstName": "Gavrielle",
        "LastName": "Paulack",
        "Make": "Dodge",
        "Model": "Ram 2500 Club",
        "Year": 1996,
        "Color": "Blue"
    },
    {
        "FirstName": "Erastus",
        "LastName": "Kilgannon",
        "Make": "Mercury",
        "Model": "Grand Marquis",
        "Year": 1994,
        "Color": "Violet"
    },
    {
        "FirstName": "Felisha",
        "LastName": "Diter",
        "Make": "Chevrolet",
        "Model": "Express 3500",
        "Year": 2010,
        "Color": "Teal"
    },
    {
        "FirstName": "Bartolemo",
        "LastName": "McWilliams",
        "Make": "Lexus",
        "Model": "RX",
        "Year": 2012,
        "Color": "Red"
    },
    {
        "FirstName": "Gloriane",
        "LastName": "Cushelly",
        "Make": "Jaguar",
        "Model": "XJ",
        "Year": 2009,
        "Color": "Maroon"
    },
    {
        "FirstName": "Al",
        "LastName": "Abramow",
        "Make": "Toyota",
        "Model": "FJ Cruiser",
        "Year": 2009,
        "Color": "Puce"
    },
    {
        "FirstName": "Ferrel",
        "LastName": "Twelvetrees",
        "Make": "Mercedes-Benz",
        "Model": "Sprinter",
        "Year": 2011,
        "Color": "Violet"
    },
    {
        "FirstName": "Angeli",
        "LastName": "Marshallsay",
        "Make": "BMW",
        "Model": "8 Series",
        "Year": 1997,
        "Color": "Yellow"
    },
    {
        "FirstName": "Ulrica",
        "LastName": "MacKey",
        "Make": "Kia",
        "Model": "Sorento",
        "Year": 2013,
        "Color": "Khaki"
    },
    {
        "FirstName": "Cindy",
        "LastName": "Dziwisz",
        "Make": "Hyundai",
        "Model": "Tiburon",
        "Year": 1997,
        "Color": "Pink"
    },
    {
        "FirstName": "Aurore",
        "LastName": "Hockey",
        "Make": "Land Rover",
        "Model": "Defender",
        "Year": 1994,
        "Color": "Red"
    },
    {
        "FirstName": "Sutherlan",
        "LastName": "Stickler",
        "Make": "Subaru",
        "Model": "Loyale",
        "Year": 1990,
        "Color": "Green"
    },
    {
        "FirstName": "Casey",
        "LastName": "Chaise",
        "Make": "Volkswagen",
        "Model": "Touareg",
        "Year": 2006,
        "Color": "Turquoise"
    },
    {
        "FirstName": "Wilone",
        "LastName": "Beverstock",
        "Make": "Chevrolet",
        "Model": "Silverado 3500",
        "Year": 2010,
        "Color": "Pink"
    },
    {
        "FirstName": "Silvester",
        "LastName": "Leversuch",
        "Make": "Volkswagen",
        "Model": "GTI",
        "Year": 1999,
        "Color": "Maroon"
    },
    {
        "FirstName": "Lilli",
        "LastName": "Fairbard",
        "Make": "Mercury",
        "Model": "Mountaineer",
        "Year": 1999,
        "Color": "Violet"
    },
    {
        "FirstName": "Dun",
        "LastName": "Ible",
        "Make": "Acura",
        "Model": "NSX",
        "Year": 1999,
        "Color": "Aquamarine"
    },
    {
        "FirstName": "Geraldine",
        "LastName": "Kenewell",
        "Make": "Nissan",
        "Model": "Leaf",
        "Year": 2011,
        "Color": "Pink"
    },
    {
        "FirstName": "Sollie",
        "LastName": "Hansel",
        "Make": "Hyundai",
        "Model": "Elantra",
        "Year": 2009,
        "Color": "Mauv"
    },
    {
        "FirstName": "Allyson",
        "LastName": "Theaker",
        "Make": "Oldsmobile",
        "Model": "Cutlass Supreme",
        "Year": 1996,
        "Color": "Violet"
    },
    {
        "FirstName": "Cthrine",
        "LastName": "Botright",
        "Make": "Chevrolet",
        "Model": "Express 1500",
        "Year": 2007,
        "Color": "Fuscia"
    },
    {
        "FirstName": "Brigid",
        "LastName": "Thornally",
        "Make": "Suzuki",
        "Model": "Grand Vitara",
        "Year": 2002,
        "Color": "Violet"
    },
    {
        "FirstName": "Lemmy",
        "LastName": "Wrassell",
        "Make": "Hyundai",
        "Model": "Elantra",
        "Year": 2005,
        "Color": "Violet"
    },
    {
        "FirstName": "Dyana",
        "LastName": "Suart",
        "Make": "BMW",
        "Model": "645",
        "Year": 2005,
        "Color": "Teal"
    },
    {
        "FirstName": "Marsiella",
        "LastName": "Mantha",
        "Make": "Land Rover",
        "Model": "Range Rover Sport",
        "Year": 2011,
        "Color": "Turquoise"
    },
    {
        "FirstName": "Erinn",
        "LastName": "Kinkade",
        "Make": "Bentley",
        "Model": "Mulsanne",
        "Year": 2012,
        "Color": "Mauv"
    },
    {
        "FirstName": "Constantino",
        "LastName": "Worland",
        "Make": "Subaru",
        "Model": "Impreza",
        "Year": 1999,
        "Color": "Blue"
    },
    {
        "FirstName": "Meredith",
        "LastName": "Banker",
        "Make": "Chevrolet",
        "Model": "Tracker",
        "Year": 1998,
        "Color": "Violet"
    },
    {
        "FirstName": "Constantine",
        "LastName": "Coad",
        "Make": "Toyota",
        "Model": "Highlander",
        "Year": 2001,
        "Color": "Mauv"
    },
    {
        "FirstName": "Izzy",
        "LastName": "Oakwell",
        "Make": "Volkswagen",
        "Model": "Passat",
        "Year": 1993,
        "Color": "Mauv"
    },
    {
        "FirstName": "Matti",
        "LastName": "Bullent",
        "Make": "Audi",
        "Model": "4000s",
        "Year": 1985,
        "Color": "Mauv"
    },
    {
        "FirstName": "Dasie",
        "LastName": "Valentin",
        "Make": "Mazda",
        "Model": "MPV",
        "Year": 1991,
        "Color": "Turquoise"
    },
    {
        "FirstName": "Gal",
        "LastName": "Fendt",
        "Make": "Scion",
        "Model": "FR-S",
        "Year": 2013,
        "Color": "Teal"
    },
    {
        "FirstName": "Mort",
        "LastName": "Besson",
        "Make": "Volvo",
        "Model": "V70",
        "Year": 2003,
        "Color": "Purple"
    },
    {
        "FirstName": "Bailie",
        "LastName": "Dulinty",
        "Make": "Toyota",
        "Model": "Camry",
        "Year": 2008,
        "Color": "Yellow"
    },
    {
        "FirstName": "Tani",
        "LastName": "Border",
        "Make": "Chrysler",
        "Model": "Concorde",
        "Year": 1997,
        "Color": "Orange"
    },
    {
        "FirstName": "Kylila",
        "LastName": "Carlett",
        "Make": "Ford",
        "Model": "Explorer Sport Trac",
        "Year": 2004,
        "Color": "Turquoise"
    },
    {
        "FirstName": "Martyn",
        "LastName": "Beine",
        "Make": "Mercedes-Benz",
        "Model": "E-Class",
        "Year": 1984,
        "Color": "Green"
    },
    {
        "FirstName": "Eberhard",
        "LastName": "Yo",
        "Make": "Chevrolet",
        "Model": "Corsica",
        "Year": 1995,
        "Color": "Purple"
    },
    {
        "FirstName": "Katerina",
        "LastName": "Cathel",
        "Make": "BMW",
        "Model": "M3",
        "Year": 2005,
        "Color": "Turquoise"
    },
    {
        "FirstName": "Elsbeth",
        "LastName": "Fergyson",
        "Make": "BMW",
        "Model": "6 Series",
        "Year": 2009,
        "Color": "Blue"
    },
    {
        "FirstName": "Josh",
        "LastName": "Pease",
        "Make": "Bentley",
        "Model": "Continental",
        "Year": 2007,
        "Color": "Goldenrod"
    },
    {
        "FirstName": "Tildi",
        "LastName": "Ginnelly",
        "Make": "Suzuki",
        "Model": "Grand Vitara",
        "Year": 2009,
        "Color": "Orange"
    },
    {
        "FirstName": "Virginia",
        "LastName": "Linnane",
        "Make": "Dodge",
        "Model": "Stealth",
        "Year": 1992,
        "Color": "Blue"
    },
    {
        "FirstName": "Myca",
        "LastName": "Trasler",
        "Make": "Kia",
        "Model": "Sportage",
        "Year": 1997,
        "Color": "Purple"
    },
    {
        "FirstName": "Milli",
        "LastName": "Guiett",
        "Make": "Volvo",
        "Model": "C70",
        "Year": 1999,
        "Color": "Pink"
    },
    {
        "FirstName": "Vinni",
        "LastName": "Woodyeare",
        "Make": "BMW",
        "Model": "325",
        "Year": 2005,
        "Color": "Mauv"
    },
    {
        "FirstName": "Vachel",
        "LastName": "Sandaver",
        "Make": "Kia",
        "Model": "Sportage",
        "Year": 2008,
        "Color": "Goldenrod"
    },
    {
        "FirstName": "Yvor",
        "LastName": "Rookledge",
        "Make": "Audi",
        "Model": "S8",
        "Year": 2008,
        "Color": "Pink"
    },
    {
        "FirstName": "Lionello",
        "LastName": "Dulton",
        "Make": "Hummer",
        "Model": "H1",
        "Year": 2004,
        "Color": "Pink"
    },
    {
        "FirstName": "Eward",
        "LastName": "Abrahams",
        "Make": "Mitsubishi",
        "Model": "Montero",
        "Year": 2004,
        "Color": "Maroon"
    },
    {
        "FirstName": "Trefor",
        "LastName": "Hugnet",
        "Make": "Mercedes-Benz",
        "Model": "G-Class",
        "Year": 2002,
        "Color": "Indigo"
    },
    {
        "FirstName": "Wylie",
        "LastName": "Mabone",
        "Make": "Lexus",
        "Model": "RX Hybrid",
        "Year": 2012,
        "Color": "Teal"
    },
    {
        "FirstName": "Veda",
        "LastName": "Staley",
        "Make": "Acura",
        "Model": "RDX",
        "Year": 2008,
        "Color": "Purple"
    },
    {
        "FirstName": "Clarke",
        "LastName": "Trench",
        "Make": "Toyota",
        "Model": "Celica",
        "Year": 2003,
        "Color": "Orange"
    },
    {
        "FirstName": "Chris",
        "LastName": "Amyes",
        "Make": "Honda",
        "Model": "S2000",
        "Year": 2005,
        "Color": "Fuscia"
    },
    {
        "FirstName": "Jasmine",
        "LastName": "Shawcroft",
        "Make": "Mercury",
        "Model": "Tracer",
        "Year": 1988,
        "Color": "Teal"
    },
    {
        "FirstName": "Pearce",
        "LastName": "Sarver",
        "Make": "Maserati",
        "Model": "Spyder",
        "Year": 2004,
        "Color": "Fuscia"
    },
    {
        "FirstName": "Teri",
        "LastName": "Woodroffe",
        "Make": "Chevrolet",
        "Model": "Silverado 1500",
        "Year": 2006,
        "Color": "Fuscia"
    },
    {
        "FirstName": "Charlean",
        "LastName": "Tampen",
        "Make": "Plymouth",
        "Model": "Neon",
        "Year": 2001,
        "Color": "Yellow"
    },
    {
        "FirstName": "Kerk",
        "LastName": "Kettlesting",
        "Make": "Acura",
        "Model": "Vigor",
        "Year": 1993,
        "Color": "Khaki"
    },
    {
        "FirstName": "Alie",
        "LastName": "Keating",
        "Make": "Volvo",
        "Model": "S90",
        "Year": 1998,
        "Color": "Yellow"
    },
    {
        "FirstName": "Mauricio",
        "LastName": "Grahl",
        "Make": "Saturn",
        "Model": "Relay",
        "Year": 2005,
        "Color": "Purple"
    },
    {
        "FirstName": "Jacquette",
        "LastName": "Sandhill",
        "Make": "Honda",
        "Model": "Civic",
        "Year": 2000,
        "Color": "Goldenrod"
    },
    {
        "FirstName": "Cassandra",
        "LastName": "Defont",
        "Make": "Chevrolet",
        "Model": "Citation",
        "Year": 1980,
        "Color": "Turquoise"
    },
    {
        "FirstName": "Ynez",
        "LastName": "Pickaver",
        "Make": "Subaru",
        "Model": "Outback",
        "Year": 2003,
        "Color": "Mauv"
    },
    {
        "FirstName": "Cristian",
        "LastName": "Hunn",
        "Make": "Porsche",
        "Model": "911",
        "Year": 1990,
        "Color": "Mauv"
    },
    {
        "FirstName": "Ginger",
        "LastName": "Woolfitt",
        "Make": "Ford",
        "Model": "E150",
        "Year": 2007,
        "Color": "Puce"
    },
    {
        "FirstName": "Nell",
        "LastName": "Avrahamof",
        "Make": "Mitsubishi",
        "Model": "Mirage",
        "Year": 1994,
        "Color": "Violet"
    },
    {
        "FirstName": "Leeanne",
        "LastName": "Klugel",
        "Make": "Audi",
        "Model": "Cabriolet",
        "Year": 1995,
        "Color": "Maroon"
    },
    {
        "FirstName": "Filberto",
        "LastName": "Peasgood",
        "Make": "Buick",
        "Model": "Skylark",
        "Year": 1988,
        "Color": "Orange"
    },
    {
        "FirstName": "Corrina",
        "LastName": "Rizzini",
        "Make": "Lexus",
        "Model": "LX",
        "Year": 2001,
        "Color": "Teal"
    },
    {
        "FirstName": "Lexi",
        "LastName": "Jakuszewski",
        "Make": "Chevrolet",
        "Model": "G-Series 1500",
        "Year": 1997,
        "Color": "Teal"
    },
    {
        "FirstName": "Leonardo",
        "LastName": "Philipp",
        "Make": "Porsche",
        "Model": "911",
        "Year": 1991,
        "Color": "Aquamarine"
    },
    {
        "FirstName": "Klarika",
        "LastName": "Bendson",
        "Make": "Dodge",
        "Model": "Caravan",
        "Year": 1985,
        "Color": "Purple"
    },
    {
        "FirstName": "Carmina",
        "LastName": "Gerwood",
        "Make": "Mazda",
        "Model": "Mazda6",
        "Year": 2010,
        "Color": "Turquoise"
    },
    {
        "FirstName": "Morgen",
        "LastName": "Diament",
        "Make": "Toyota",
        "Model": "Sequoia",
        "Year": 2011,
        "Color": "Turquoise"
    },
    {
        "FirstName": "Julio",
        "LastName": "Thurgood",
        "Make": "Lexus",
        "Model": "GX",
        "Year": 2008,
        "Color": "Puce"
    },
    {
        "FirstName": "Manda",
        "LastName": "Prestney",
        "Make": "Dodge",
        "Model": "Stratus",
        "Year": 1996,
        "Color": "Teal"
    },
    {
        "FirstName": "Gui",
        "LastName": "Cafferky",
        "Make": "GMC",
        "Model": "Yukon",
        "Year": 1996,
        "Color": "Goldenrod"
    },
    {
        "FirstName": "Lari",
        "LastName": "Boyland",
        "Make": "BMW",
        "Model": "3 Series",
        "Year": 2006,
        "Color": "Khaki"
    },
    {
        "FirstName": "Rowland",
        "LastName": "Valler",
        "Make": "Isuzu",
        "Model": "VehiCROSS",
        "Year": 2000,
        "Color": "Pink"
    },
    {
        "FirstName": "Zorine",
        "LastName": "Schoenfisch",
        "Make": "Ford",
        "Model": "Aerostar",
        "Year": 1991,
        "Color": "Red"
    },
    {
        "FirstName": "Reyna",
        "LastName": "McRuvie",
        "Make": "Mercedes-Benz",
        "Model": "CL-Class",
        "Year": 2005,
        "Color": "Violet"
    },
    {
        "FirstName": "Udale",
        "LastName": "MacNulty",
        "Make": "Ford",
        "Model": "F250",
        "Year": 1997,
        "Color": "Aquamarine"
    },
    {
        "FirstName": "Lefty",
        "LastName": "Halliday",
        "Make": "Mazda",
        "Model": "929",
        "Year": 1987,
        "Color": "Crimson"
    },
    {
        "FirstName": "Sunny",
        "LastName": "Keuneke",
        "Make": "Ford",
        "Model": "LTD",
        "Year": 1986,
        "Color": "Aquamarine"
    },
    {
        "FirstName": "Maudie",
        "LastName": "Kilmary",
        "Make": "Subaru",
        "Model": "Forester",
        "Year": 2008,
        "Color": "Purple"
    },
    {
        "FirstName": "Adeline",
        "LastName": "Pomphrett",
        "Make": "Ferrari",
        "Model": "612 Scaglietti",
        "Year": 2007,
        "Color": "Orange"
    },
    {
        "FirstName": "Alfons",
        "LastName": "Pepperill",
        "Make": "Porsche",
        "Model": "Boxster",
        "Year": 1997,
        "Color": "Blue"
    },
    {
        "FirstName": "Emmanuel",
        "LastName": "Aksell",
        "Make": "Ford",
        "Model": "E-Series",
        "Year": 1985,
        "Color": "Green"
    },
    {
        "FirstName": "Charmion",
        "LastName": "Hancox",
        "Make": "Pontiac",
        "Model": "Firebird",
        "Year": 1986,
        "Color": "Puce"
    },
    {
        "FirstName": "Nils",
        "LastName": "Code",
        "Make": "Volkswagen",
        "Model": "Cabriolet",
        "Year": 1987,
        "Color": "Green"
    },
    {
        "FirstName": "Culley",
        "LastName": "Petrolli",
        "Make": "Ford",
        "Model": "Laser",
        "Year": 1987,
        "Color": "Fuscia"
    },
    {
        "FirstName": "Allianora",
        "LastName": "Kisting",
        "Make": "Ford",
        "Model": "Thunderbird",
        "Year": 1995,
        "Color": "Mauv"
    },
    {
        "FirstName": "Flory",
        "LastName": "Boyes",
        "Make": "GMC",
        "Model": "Savana 3500",
        "Year": 2007,
        "Color": "Orange"
    },
    {
        "FirstName": "Granthem",
        "LastName": "Sirett",
        "Make": "Jensen",
        "Model": "Interceptor",
        "Year": 1967,
        "Color": "Purple"
    },
    {
        "FirstName": "Mirabelle",
        "LastName": "Bortolutti",
        "Make": "Hyundai",
        "Model": "Tiburon",
        "Year": 2004,
        "Color": "Pink"
    },
    {
        "FirstName": "Lorianna",
        "LastName": "Abrahamson",
        "Make": "Buick",
        "Model": "Coachbuilder",
        "Year": 1993,
        "Color": "Puce"
    },
    {
        "FirstName": "Padraic",
        "LastName": "Lemar",
        "Make": "Mercedes-Benz",
        "Model": "W126",
        "Year": 1983,
        "Color": "Mauv"
    },
    {
        "FirstName": "Constanta",
        "LastName": "Goodlett",
        "Make": "Hyundai",
        "Model": "Sonata",
        "Year": 1993,
        "Color": "Blue"
    },
    {
        "FirstName": "Eva",
        "LastName": "Lodeke",
        "Make": "Mazda",
        "Model": "MX-6",
        "Year": 1994,
        "Color": "Red"
    },
    {
        "FirstName": "Eloisa",
        "LastName": "Prebble",
        "Make": "Chevrolet",
        "Model": "Monte Carlo",
        "Year": 1995,
        "Color": "Khaki"
    },
    {
        "FirstName": "Abby",
        "LastName": "Zammett",
        "Make": "BMW",
        "Model": "5 Series",
        "Year": 2010,
        "Color": "Turquoise"
    },
    {
        "FirstName": "Gus",
        "LastName": "While",
        "Make": "Chevrolet",
        "Model": "Suburban 1500",
        "Year": 2000,
        "Color": "Red"
    },
    {
        "FirstName": "Lucky",
        "LastName": "Kisby",
        "Make": "Volkswagen",
        "Model": "Jetta III",
        "Year": 1994,
        "Color": "Turquoise"
    },
    {
        "FirstName": "Jimmie",
        "LastName": "Checcuzzi",
        "Make": "Eagle",
        "Model": "Talon",
        "Year": 1992,
        "Color": "Mauv"
    },
    {
        "FirstName": "Joey",
        "LastName": "Caygill",
        "Make": "Subaru",
        "Model": "SVX",
        "Year": 1992,
        "Color": "Aquamarine"
    },
    {
        "FirstName": "Nissy",
        "LastName": "Goseling",
        "Make": "Pontiac",
        "Model": "Bonneville",
        "Year": 1965,
        "Color": "Maroon"
    },
    {
        "FirstName": "Gina",
        "LastName": "Fishbourne",
        "Make": "Honda",
        "Model": "Civic",
        "Year": 1990,
        "Color": "Indigo"
    },
    {
        "FirstName": "Beck",
        "LastName": "Picardo",
        "Make": "Mitsubishi",
        "Model": "3000GT",
        "Year": 1998,
        "Color": "Purple"
    },
    {
        "FirstName": "Aindrea",
        "LastName": "Jilkes",
        "Make": "GMC",
        "Model": "1500",
        "Year": 1993,
        "Color": "Teal"
    },
    {
        "FirstName": "Annice",
        "LastName": "Guerreiro",
        "Make": "Lexus",
        "Model": "LS",
        "Year": 2012,
        "Color": "Pink"
    },
    {
        "FirstName": "Torey",
        "LastName": "Whitwell",
        "Make": "Hyundai",
        "Model": "Sonata",
        "Year": 2007,
        "Color": "Blue"
    },
    {
        "FirstName": "Betteann",
        "LastName": "Maslen",
        "Make": "Kia",
        "Model": "Spectra",
        "Year": 2006,
        "Color": "Mauv"
    },
    {
        "FirstName": "Alvira",
        "LastName": "Klemz",
        "Make": "Jeep",
        "Model": "Patriot",
        "Year": 2008,
        "Color": "Green"
    },
    {
        "FirstName": "Holt",
        "LastName": "Chadwyck",
        "Make": "Chevrolet",
        "Model": "Express 3500",
        "Year": 2011,
        "Color": "Violet"
    },
    {
        "FirstName": "Ad",
        "LastName": "Bythway",
        "Make": "Daewoo",
        "Model": "Lanos",
        "Year": 2002,
        "Color": "Pink"
    },
    {
        "FirstName": "Tybi",
        "LastName": "Yandell",
        "Make": "Mazda",
        "Model": "Tribute",
        "Year": 2005,
        "Color": "Fuscia"
    },
    {
        "FirstName": "Jori",
        "LastName": "Chittie",
        "Make": "Honda",
        "Model": "CR-V",
        "Year": 1997,
        "Color": "Goldenrod"
    },
    {
        "FirstName": "Rafaelia",
        "LastName": "Faulkener",
        "Make": "Jeep",
        "Model": "Patriot",
        "Year": 2012,
        "Color": "Green"
    },
    {
        "FirstName": "Ted",
        "LastName": "Boddington",
        "Make": "Cadillac",
        "Model": "CTS-V",
        "Year": 2006,
        "Color": "Indigo"
    },
    {
        "FirstName": "Gerta",
        "LastName": "Labbati",
        "Make": "Pontiac",
        "Model": "Tempest",
        "Year": 1966,
        "Color": "Teal"
    },
    {
        "FirstName": "Lark",
        "LastName": "Hallas",
        "Make": "Honda",
        "Model": "Insight",
        "Year": 2011,
        "Color": "Turquoise"
    },
    {
        "FirstName": "Siward",
        "LastName": "Harrismith",
        "Make": "BMW",
        "Model": "530",
        "Year": 2002,
        "Color": "Goldenrod"
    },
    {
        "FirstName": "Mike",
        "LastName": "Park",
        "Make": "Infiniti",
        "Model": "I",
        "Year": 1996,
        "Color": "Maroon"
    },
    {
        "FirstName": "Lance",
        "LastName": "Fitchell",
        "Make": "Volkswagen",
        "Model": "CC",
        "Year": 2009,
        "Color": "Purple"
    },
    {
        "FirstName": "Otes",
        "LastName": "Bootell",
        "Make": "BMW",
        "Model": "5 Series",
        "Year": 2008,
        "Color": "Violet"
    },
    {
        "FirstName": "Emilia",
        "LastName": "Schustl",
        "Make": "Infiniti",
        "Model": "EX",
        "Year": 2008,
        "Color": "Green"
    },
    {
        "FirstName": "Alicea",
        "LastName": "Sangar",
        "Make": "Subaru",
        "Model": "Forester",
        "Year": 2011,
        "Color": "Green"
    },
    {
        "FirstName": "Ludovika",
        "LastName": "Skures",
        "Make": "Chevrolet",
        "Model": "Camaro",
        "Year": 1979,
        "Color": "Yellow"
    },
    {
        "FirstName": "Delilah",
        "LastName": "Waldren",
        "Make": "Toyota",
        "Model": "RAV4",
        "Year": 1997,
        "Color": "Green"
    },
    {
        "FirstName": "Susanetta",
        "LastName": "Bowering",
        "Make": "Ford",
        "Model": "E-Series",
        "Year": 1963,
        "Color": "Teal"
    },
    {
        "FirstName": "Lamar",
        "LastName": "Ryce",
        "Make": "Subaru",
        "Model": "Impreza",
        "Year": 2005,
        "Color": "Crimson"
    },
    {
        "FirstName": "Catie",
        "LastName": "Quinlan",
        "Make": "Chrysler",
        "Model": "Concorde",
        "Year": 2000,
        "Color": "Aquamarine"
    },
    {
        "FirstName": "Quinn",
        "LastName": "Smartman",
        "Make": "Toyota",
        "Model": "Tacoma Xtra",
        "Year": 2000,
        "Color": "Puce"
    },
    {
        "FirstName": "Rosie",
        "LastName": "Matresse",
        "Make": "Kia",
        "Model": "Sedona",
        "Year": 2006,
        "Color": "Indigo"
    },
    {
        "FirstName": "Annemarie",
        "LastName": "Sandys",
        "Make": "Toyota",
        "Model": "Sienna",
        "Year": 2001,
        "Color": "Khaki"
    },
    {
        "FirstName": "Laurie",
        "LastName": "Yashanov",
        "Make": "Volkswagen",
        "Model": "Cabriolet",
        "Year": 1996,
        "Color": "Indigo"
    },
    {
        "FirstName": "Lulu",
        "LastName": "Levine",
        "Make": "Dodge",
        "Model": "Nitro",
        "Year": 2010,
        "Color": "Teal"
    },
    {
        "FirstName": "Merry",
        "LastName": "Maunton",
        "Make": "Lexus",
        "Model": "LS",
        "Year": 2003,
        "Color": "Khaki"
    },
    {
        "FirstName": "Martino",
        "LastName": "Siflet",
        "Make": "Mazda",
        "Model": "RX-7",
        "Year": 1987,
        "Color": "Maroon"
    },
    {
        "FirstName": "Corry",
        "LastName": "Early",
        "Make": "Mazda",
        "Model": "MPV",
        "Year": 1994,
        "Color": "Indigo"
    },
    {
        "FirstName": "Willem",
        "LastName": "Enrdigo",
        "Make": "Audi",
        "Model": "Q7",
        "Year": 2007,
        "Color": "Crimson"
    },
    {
        "FirstName": "Codee",
        "LastName": "Starling",
        "Make": "Toyota",
        "Model": "Tacoma",
        "Year": 2007,
        "Color": "Pink"
    },
    {
        "FirstName": "Ken",
        "LastName": "Fusedale",
        "Make": "Buick",
        "Model": "Riviera",
        "Year": 1986,
        "Color": "Violet"
    },
    {
        "FirstName": "Goldarina",
        "LastName": "Lancley",
        "Make": "Lincoln",
        "Model": "MKX",
        "Year": 2007,
        "Color": "Purple"
    },
    {
        "FirstName": "Darice",
        "LastName": "Ricoald",
        "Make": "Ford",
        "Model": "Flex",
        "Year": 2012,
        "Color": "Violet"
    },
    {
        "FirstName": "Vanessa",
        "LastName": "Licquorish",
        "Make": "Mercury",
        "Model": "Topaz",
        "Year": 1985,
        "Color": "Teal"
    },
    {
        "FirstName": "Shandee",
        "LastName": "Yakunkin",
        "Make": "Chrysler",
        "Model": "New Yorker",
        "Year": 1994,
        "Color": "Orange"
    },
    {
        "FirstName": "Elisha",
        "LastName": "Spriggin",
        "Make": "Hummer",
        "Model": "H3",
        "Year": 2007,
        "Color": "Purple"
    },
    {
        "FirstName": "Rochester",
        "LastName": "Grubb",
        "Make": "Mitsubishi",
        "Model": "Montero",
        "Year": 1995,
        "Color": "Yellow"
    },
    {
        "FirstName": "Jay",
        "LastName": "Giamelli",
        "Make": "Ford",
        "Model": "E-350 Super Duty Van",
        "Year": 2006,
        "Color": "Red"
    },
    {
        "FirstName": "Tabbie",
        "LastName": "Clampe",
        "Make": "Nissan",
        "Model": "Sentra",
        "Year": 2012,
        "Color": "Blue"
    },
    {
        "FirstName": "Gabi",
        "LastName": "Gillies",
        "Make": "Panoz",
        "Model": "Esperante",
        "Year": 2006,
        "Color": "Purple"
    },
    {
        "FirstName": "Jorrie",
        "LastName": "Doag",
        "Make": "Hummer",
        "Model": "H3",
        "Year": 2009,
        "Color": "Aquamarine"
    },
    {
        "FirstName": "Silva",
        "LastName": "Stych",
        "Make": "Ford",
        "Model": "Ranger",
        "Year": 1995,
        "Color": "Crimson"
    },
    {
        "FirstName": "Hal",
        "LastName": "Lyal",
        "Make": "Oldsmobile",
        "Model": "Intrigue",
        "Year": 2001,
        "Color": "Goldenrod"
    },
    {
        "FirstName": "Maximilian",
        "LastName": "Iwanowicz",
        "Make": "Audi",
        "Model": "A8",
        "Year": 2010,
        "Color": "Purple"
    },
    {
        "FirstName": "Grenville",
        "LastName": "Le Cornu",
        "Make": "Mitsubishi",
        "Model": "Chariot",
        "Year": 1996,
        "Color": "Khaki"
    },
    {
        "FirstName": "Nannie",
        "LastName": "Mallabund",
        "Make": "Pontiac",
        "Model": "Safari",
        "Year": 1989,
        "Color": "Teal"
    },
    {
        "FirstName": "Carlie",
        "LastName": "Batrip",
        "Make": "Chevrolet",
        "Model": "Express 2500",
        "Year": 2012,
        "Color": "Khaki"
    },
    {
        "FirstName": "Caprice",
        "LastName": "Flay",
        "Make": "Chevrolet",
        "Model": "Corvette",
        "Year": 1960,
        "Color": "Khaki"
    },
    {
        "FirstName": "Regan",
        "LastName": "Libermore",
        "Make": "Chevrolet",
        "Model": "Suburban 2500",
        "Year": 1993,
        "Color": "Indigo"
    },
    {
        "FirstName": "Alanah",
        "LastName": "Daughtry",
        "Make": "Suzuki",
        "Model": "XL7",
        "Year": 2007,
        "Color": "Maroon"
    },
    {
        "FirstName": "Edie",
        "LastName": "Diament",
        "Make": "Lexus",
        "Model": "ES",
        "Year": 1999,
        "Color": "Turquoise"
    },
    {
        "FirstName": "Daveen",
        "LastName": "Jado",
        "Make": "Honda",
        "Model": "Element",
        "Year": 2008,
        "Color": "Khaki"
    },
    {
        "FirstName": "Tybie",
        "LastName": "Meriet",
        "Make": "Honda",
        "Model": "Accord",
        "Year": 2005,
        "Color": "Red"
    },
    {
        "FirstName": "Ernest",
        "LastName": "Coomber",
        "Make": "Chevrolet",
        "Model": "Silverado 3500",
        "Year": 2004,
        "Color": "Yellow"
    },
    {
        "FirstName": "Jocko",
        "LastName": "Wheatcroft",
        "Make": "Chevrolet",
        "Model": "S10",
        "Year": 2001,
        "Color": "Indigo"
    },
    {
        "FirstName": "Lorrin",
        "LastName": "Lorrain",
        "Make": "Hyundai",
        "Model": "Accent",
        "Year": 1999,
        "Color": "Maroon"
    },
    {
        "FirstName": "Hogan",
        "LastName": "McMurthy",
        "Make": "Mercedes-Benz",
        "Model": "E-Class",
        "Year": 1998,
        "Color": "Teal"
    },
    {
        "FirstName": "Madelaine",
        "LastName": "Calles",
        "Make": "Buick",
        "Model": "LeSabre",
        "Year": 1993,
        "Color": "Indigo"
    },
    {
        "FirstName": "Ramsey",
        "LastName": "Pollett",
        "Make": "Ford",
        "Model": "Focus",
        "Year": 2013,
        "Color": "Green"
    },
    {
        "FirstName": "Natty",
        "LastName": "Keymar",
        "Make": "Volvo",
        "Model": "960",
        "Year": 1997,
        "Color": "Turquoise"
    },
    {
        "FirstName": "Cecilio",
        "LastName": "Tuminelli",
        "Make": "Lexus",
        "Model": "SC",
        "Year": 2000,
        "Color": "Purple"
    },
    {
        "FirstName": "Mirabelle",
        "LastName": "Deegin",
        "Make": "Mazda",
        "Model": "GLC",
        "Year": 1984,
        "Color": "Pink"
    },
    {
        "FirstName": "Martita",
        "LastName": "Glozman",
        "Make": "Nissan",
        "Model": "GT-R",
        "Year": 2012,
        "Color": "Indigo"
    },
    {
        "FirstName": "Jillian",
        "LastName": "Threadgill",
        "Make": "Ford",
        "Model": "Tempo",
        "Year": 1985,
        "Color": "Khaki"
    },
    {
        "FirstName": "Sissy",
        "LastName": "Perez",
        "Make": "Toyota",
        "Model": "Camry",
        "Year": 2004,
        "Color": "Orange"
    },
    {
        "FirstName": "Lorrayne",
        "LastName": "Nelsen",
        "Make": "Nissan",
        "Model": "Titan",
        "Year": 2004,
        "Color": "Puce"
    },
    {
        "FirstName": "Simonne",
        "LastName": "Blunn",
        "Make": "Dodge",
        "Model": "Intrepid",
        "Year": 1996,
        "Color": "Khaki"
    },
    {
        "FirstName": "Daune",
        "LastName": "Parlett",
        "Make": "Dodge",
        "Model": "Ram 1500",
        "Year": 2007,
        "Color": "Teal"
    },
    {
        "FirstName": "Mei",
        "LastName": "Escale",
        "Make": "Buick",
        "Model": "Skylark",
        "Year": 1993,
        "Color": "Crimson"
    },
    {
        "FirstName": "Tracie",
        "LastName": "Tomashov",
        "Make": "Ford",
        "Model": "E150",
        "Year": 2008,
        "Color": "Violet"
    },
    {
        "FirstName": "Parry",
        "LastName": "Murdy",
        "Make": "Nissan",
        "Model": "JUKE",
        "Year": 2012,
        "Color": "Violet"
    },
    {
        "FirstName": "Almeta",
        "LastName": "Shovell",
        "Make": "MINI",
        "Model": "Cooper",
        "Year": 2007,
        "Color": "Puce"
    },
    {
        "FirstName": "Albina",
        "LastName": "Hebborne",
        "Make": "GMC",
        "Model": "Acadia",
        "Year": 2010,
        "Color": "Puce"
    },
    {
        "FirstName": "Taffy",
        "LastName": "Cownden",
        "Make": "Suzuki",
        "Model": "Samurai",
        "Year": 1993,
        "Color": "Yellow"
    },
    {
        "FirstName": "Desdemona",
        "LastName": "Wrout",
        "Make": "Pontiac",
        "Model": "Grand Prix",
        "Year": 1964,
        "Color": "Teal"
    },
    {
        "FirstName": "Gwenni",
        "LastName": "Wrigglesworth",
        "Make": "Alfa Romeo",
        "Model": "164",
        "Year": 1993,
        "Color": "Teal"
    },
    {
        "FirstName": "Nari",
        "LastName": "Blizard",
        "Make": "Volvo",
        "Model": "940",
        "Year": 1994,
        "Color": "Purple"
    },
    {
        "FirstName": "Josephine",
        "LastName": "Brearty",
        "Make": "Ford",
        "Model": "F250",
        "Year": 2001,
        "Color": "Khaki"
    },
    {
        "FirstName": "Paige",
        "LastName": "Walworche",
        "Make": "Mercedes-Benz",
        "Model": "C-Class",
        "Year": 2008,
        "Color": "Violet"
    },
    {
        "FirstName": "Adara",
        "LastName": "Winscomb",
        "Make": "Dodge",
        "Model": "Ram 2500 Club",
        "Year": 1998,
        "Color": "Khaki"
    },
    {
        "FirstName": "Beaufort",
        "LastName": "Sillick",
        "Make": "Mercury",
        "Model": "Mountaineer",
        "Year": 2002,
        "Color": "Yellow"
    },
    {
        "FirstName": "Maury",
        "LastName": "Jolly",
        "Make": "Mitsubishi",
        "Model": "Outlander",
        "Year": 2003,
        "Color": "Turquoise"
    },
    {
        "FirstName": "Lexy",
        "LastName": "Conneely",
        "Make": "Dodge",
        "Model": "Viper",
        "Year": 2009,
        "Color": "Pink"
    },
    {
        "FirstName": "Kerwinn",
        "LastName": "Fitchett",
        "Make": "Porsche",
        "Model": "Cayman",
        "Year": 2012,
        "Color": "Crimson"
    },
    {
        "FirstName": "Vincenz",
        "LastName": "Nicol",
        "Make": "Pontiac",
        "Model": "Bonneville",
        "Year": 1996,
        "Color": "Pink"
    },
    {
        "FirstName": "Briggs",
        "LastName": "Alyonov",
        "Make": "Pontiac",
        "Model": "Firebird",
        "Year": 1989,
        "Color": "Green"
    },
    {
        "FirstName": "Sianna",
        "LastName": "Filippazzo",
        "Make": "Hyundai",
        "Model": "Accent",
        "Year": 1996,
        "Color": "Pink"
    },
    {
        "FirstName": "Graig",
        "LastName": "Bruno",
        "Make": "Nissan",
        "Model": "Quest",
        "Year": 2007,
        "Color": "Turquoise"
    },
    {
        "FirstName": "Kara",
        "LastName": "Aldcorne",
        "Make": "Land Rover",
        "Model": "Freelander",
        "Year": 2009,
        "Color": "Purple"
    },
    {
        "FirstName": "Kyle",
        "LastName": "Gynne",
        "Make": "Audi",
        "Model": "RS4",
        "Year": 2008,
        "Color": "Goldenrod"
    },
    {
        "FirstName": "Desmond",
        "LastName": "Wittrington",
        "Make": "Pontiac",
        "Model": "Firefly",
        "Year": 1987,
        "Color": "Aquamarine"
    },
    {
        "FirstName": "Tam",
        "LastName": "Thomton",
        "Make": "Suzuki",
        "Model": "SX4",
        "Year": 2008,
        "Color": "Teal"
    },
    {
        "FirstName": "Menard",
        "LastName": "Lemon",
        "Make": "Dodge",
        "Model": "Ram Van 2500",
        "Year": 1996,
        "Color": "Mauv"
    },
    {
        "FirstName": "Carin",
        "LastName": "Linnard",
        "Make": "Buick",
        "Model": "LeSabre",
        "Year": 2005,
        "Color": "Orange"
    },
    {
        "FirstName": "Eugenia",
        "LastName": "Abramov",
        "Make": "Ford",
        "Model": "F450",
        "Year": 2011,
        "Color": "Orange"
    },
    {
        "FirstName": "Boony",
        "LastName": "Farrent",
        "Make": "Ford",
        "Model": "Thunderbird",
        "Year": 2002,
        "Color": "Maroon"
    },
    {
        "FirstName": "Gwyneth",
        "LastName": "Ugolini",
        "Make": "Plymouth",
        "Model": "Fury",
        "Year": 1964,
        "Color": "Khaki"
    },
    {
        "FirstName": "Jonathon",
        "LastName": "McIlwaine",
        "Make": "Nissan",
        "Model": "Cube",
        "Year": 2012,
        "Color": "Teal"
    },
    {
        "FirstName": "Mady",
        "LastName": "McMickan",
        "Make": "Mitsubishi",
        "Model": "Cordia",
        "Year": 1986,
        "Color": "Purple"
    },
    {
        "FirstName": "Naomi",
        "LastName": "Hiddsley",
        "Make": "Ford",
        "Model": "Mustang",
        "Year": 2010,
        "Color": "Crimson"
    },
    {
        "FirstName": "Adora",
        "LastName": "Gard",
        "Make": "Chevrolet",
        "Model": "Suburban 2500",
        "Year": 1995,
        "Color": "Maroon"
    },
    {
        "FirstName": "Win",
        "LastName": "Minogue",
        "Make": "BMW",
        "Model": "Z4 M",
        "Year": 2008,
        "Color": "Aquamarine"
    },
    {
        "FirstName": "Locke",
        "LastName": "Glasson",
        "Make": "GMC",
        "Model": "Sierra 1500",
        "Year": 1999,
        "Color": "Khaki"
    },
    {
        "FirstName": "Alexei",
        "LastName": "Purselow",
        "Make": "Mitsubishi",
        "Model": "Challenger",
        "Year": 1997,
        "Color": "Blue"
    },
    {
        "FirstName": "Tuesday",
        "LastName": "Mace",
        "Make": "Volkswagen",
        "Model": "Corrado",
        "Year": 1993,
        "Color": "Red"
    },
    {
        "FirstName": "Kain",
        "LastName": "Farncombe",
        "Make": "Honda",
        "Model": "Civic",
        "Year": 2004,
        "Color": "Yellow"
    },
    {
        "FirstName": "Kin",
        "LastName": "Gogerty",
        "Make": "Suzuki",
        "Model": "Esteem",
        "Year": 1999,
        "Color": "Green"
    },
    {
        "FirstName": "Dew",
        "LastName": "Pitney",
        "Make": "GMC",
        "Model": "Sonoma",
        "Year": 1997,
        "Color": "Orange"
    },
    {
        "FirstName": "Brandtr",
        "LastName": "Stiant",
        "Make": "Nissan",
        "Model": "Altima",
        "Year": 2004,
        "Color": "Aquamarine"
    },
    {
        "FirstName": "Cathrin",
        "LastName": "Purches",
        "Make": "Porsche",
        "Model": "911",
        "Year": 2002,
        "Color": "Green"
    },
    {
        "FirstName": "Gennifer",
        "LastName": "Haggas",
        "Make": "Pontiac",
        "Model": "LeMans",
        "Year": 1968,
        "Color": "Crimson"
    },
    {
        "FirstName": "Jonas",
        "LastName": "Lomis",
        "Make": "Ford",
        "Model": "F-Series",
        "Year": 2006,
        "Color": "Teal"
    },
    {
        "FirstName": "Sheilakathryn",
        "LastName": "Corneil",
        "Make": "Volvo",
        "Model": "V70",
        "Year": 2008,
        "Color": "Violet"
    },
    {
        "FirstName": "Elisha",
        "LastName": "Aiton",
        "Make": "Volkswagen",
        "Model": "Passat",
        "Year": 2005,
        "Color": "Crimson"
    },
    {
        "FirstName": "Stefanie",
        "LastName": "Pendrigh",
        "Make": "Saturn",
        "Model": "VUE",
        "Year": 2010,
        "Color": "Fuscia"
    },
    {
        "FirstName": "Bunni",
        "LastName": "Bridie",
        "Make": "Honda",
        "Model": "Prelude",
        "Year": 1986,
        "Color": "Teal"
    },
    {
        "FirstName": "Shara",
        "LastName": "Maass",
        "Make": "Toyota",
        "Model": "Matrix",
        "Year": 2007,
        "Color": "Orange"
    },
    {
        "FirstName": "Leon",
        "LastName": "Heining",
        "Make": "Nissan",
        "Model": "200SX",
        "Year": 1995,
        "Color": "Crimson"
    },
    {
        "FirstName": "Lorraine",
        "LastName": "Ryce",
        "Make": "Lamborghini",
        "Model": "Countach",
        "Year": 1986,
        "Color": "Puce"
    },
    {
        "FirstName": "Bambi",
        "LastName": "Cona",
        "Make": "Mazda",
        "Model": "Mazda5",
        "Year": 2010,
        "Color": "Maroon"
    },
    {
        "FirstName": "Hilary",
        "LastName": "Tomala",
        "Make": "Isuzu",
        "Model": "Trooper",
        "Year": 1992,
        "Color": "Aquamarine"
    },
    {
        "FirstName": "Andree",
        "LastName": "Service",
        "Make": "Acura",
        "Model": "SLX",
        "Year": 1998,
        "Color": "Aquamarine"
    },
    {
        "FirstName": "Roseanne",
        "LastName": "Filippello",
        "Make": "Hyundai",
        "Model": "Sonata",
        "Year": 2005,
        "Color": "Violet"
    },
    {
        "FirstName": "Jermaine",
        "LastName": "Sales",
        "Make": "Mitsubishi",
        "Model": "Montero",
        "Year": 1998,
        "Color": "Puce"
    },
    {
        "FirstName": "Robbie",
        "LastName": "Juste",
        "Make": "Lincoln",
        "Model": "MKZ",
        "Year": 2011,
        "Color": "Red"
    },
    {
        "FirstName": "Franzen",
        "LastName": "Vittel",
        "Make": "Citroën",
        "Model": "CX",
        "Year": 1989,
        "Color": "Puce"
    },
    {
        "FirstName": "Yasmeen",
        "LastName": "Drache",
        "Make": "Mercury",
        "Model": "Grand Marquis",
        "Year": 1991,
        "Color": "Mauv"
    },
    {
        "FirstName": "Drucy",
        "LastName": "Barron",
        "Make": "Audi",
        "Model": "Q5",
        "Year": 2009,
        "Color": "Pink"
    },
    {
        "FirstName": "Lila",
        "LastName": "Monan",
        "Make": "Toyota",
        "Model": "Land Cruiser",
        "Year": 2000,
        "Color": "Maroon"
    },
    {
        "FirstName": "Coop",
        "LastName": "Rummer",
        "Make": "Ford",
        "Model": "F-Series Super Duty",
        "Year": 2010,
        "Color": "Maroon"
    },
    {
        "FirstName": "Minnaminnie",
        "LastName": "Birchett",
        "Make": "Acura",
        "Model": "Integra",
        "Year": 1998,
        "Color": "Purple"
    },
    {
        "FirstName": "Karena",
        "LastName": "Sjollema",
        "Make": "Nissan",
        "Model": "Sentra",
        "Year": 2006,
        "Color": "Yellow"
    },
    {
        "FirstName": "Almeta",
        "LastName": "Carrell",
        "Make": "Ford",
        "Model": "Thunderbird",
        "Year": 1958,
        "Color": "Violet"
    },
    {
        "FirstName": "Gay",
        "LastName": "Bown",
        "Make": "Mercedes-Benz",
        "Model": "SLK-Class",
        "Year": 1997,
        "Color": "Crimson"
    },
    {
        "FirstName": "Cybil",
        "LastName": "Holton",
        "Make": "Chevrolet",
        "Model": "3500",
        "Year": 1999,
        "Color": "Red"
    },
    {
        "FirstName": "Betsy",
        "LastName": "Grosvenor",
        "Make": "Nissan",
        "Model": "Pathfinder",
        "Year": 2005,
        "Color": "Fuscia"
    },
    {
        "FirstName": "Hubert",
        "LastName": "Rosina",
        "Make": "Pontiac",
        "Model": "Firebird",
        "Year": 1967,
        "Color": "Green"
    },
    {
        "FirstName": "Leona",
        "LastName": "Sollitt",
        "Make": "Mercedes-Benz",
        "Model": "SL-Class",
        "Year": 2005,
        "Color": "Purple"
    },
    {
        "FirstName": "Osmond",
        "LastName": "Glancy",
        "Make": "Buick",
        "Model": "Riviera",
        "Year": 1986,
        "Color": "Turquoise"
    },
    {
        "FirstName": "Marcellus",
        "LastName": "Adamowicz",
        "Make": "Dodge",
        "Model": "Ram 1500 Club",
        "Year": 1999,
        "Color": "Maroon"
    },
    {
        "FirstName": "Bancroft",
        "LastName": "Tosdevin",
        "Make": "Ford",
        "Model": "Mustang",
        "Year": 2006,
        "Color": "Maroon"
    },
    {
        "FirstName": "Abby",
        "LastName": "Chasles",
        "Make": "Maserati",
        "Model": "Spyder",
        "Year": 1991,
        "Color": "Pink"
    },
    {
        "FirstName": "Colin",
        "LastName": "Jozsika",
        "Make": "Audi",
        "Model": "5000S",
        "Year": 1984,
        "Color": "Violet"
    },
    {
        "FirstName": "Dwain",
        "LastName": "Perillo",
        "Make": "Volkswagen",
        "Model": "GTI",
        "Year": 2008,
        "Color": "Purple"
    },
    {
        "FirstName": "Cornie",
        "LastName": "Burkwood",
        "Make": "Volkswagen",
        "Model": "Cabriolet",
        "Year": 1987,
        "Color": "Indigo"
    },
    {
        "FirstName": "Letizia",
        "LastName": "Siemons",
        "Make": "Rolls-Royce",
        "Model": "Phantom",
        "Year": 2005,
        "Color": "Orange"
    },
    {
        "FirstName": "Clary",
        "LastName": "Wither",
        "Make": "Audi",
        "Model": "Coupe Quattro",
        "Year": 1990,
        "Color": "Pink"
    },
    {
        "FirstName": "Calida",
        "LastName": "Broader",
        "Make": "Chevrolet",
        "Model": "Avalanche",
        "Year": 2012,
        "Color": "Red"
    },
    {
        "FirstName": "Jeth",
        "LastName": "Daventry",
        "Make": "Chrysler",
        "Model": "Imperial",
        "Year": 1992,
        "Color": "Red"
    },
    {
        "FirstName": "Evy",
        "LastName": "Aucock",
        "Make": "Mercedes-Benz",
        "Model": "500E",
        "Year": 1993,
        "Color": "Pink"
    },
    {
        "FirstName": "Zsa zsa",
        "LastName": "Verchambre",
        "Make": "GMC",
        "Model": "Savana 1500",
        "Year": 2009,
        "Color": "Goldenrod"
    },
    {
        "FirstName": "Anett",
        "LastName": "Baudoux",
        "Make": "Porsche",
        "Model": "911",
        "Year": 1987,
        "Color": "Aquamarine"
    },
    {
        "FirstName": "Herbie",
        "LastName": "Carpmile",
        "Make": "Dodge",
        "Model": "Ram 3500",
        "Year": 2007,
        "Color": "Goldenrod"
    },
    {
        "FirstName": "Rip",
        "LastName": "Bathow",
        "Make": "Jaguar",
        "Model": "X-Type",
        "Year": 2008,
        "Color": "Khaki"
    },
    {
        "FirstName": "Charmaine",
        "LastName": "Robrow",
        "Make": "Lexus",
        "Model": "SC",
        "Year": 1994,
        "Color": "Khaki"
    },
    {
        "FirstName": "Malinda",
        "LastName": "Glenny",
        "Make": "GMC",
        "Model": "1500",
        "Year": 1993,
        "Color": "Aquamarine"
    },
    {
        "FirstName": "Ora",
        "LastName": "Figures",
        "Make": "Scion",
        "Model": "xD",
        "Year": 2010,
        "Color": "Orange"
    },
    {
        "FirstName": "Reilly",
        "LastName": "Huish",
        "Make": "Ford",
        "Model": "E-Series",
        "Year": 2012,
        "Color": "Blue"
    },
    {
        "FirstName": "Alick",
        "LastName": "Marshall",
        "Make": "Audi",
        "Model": "A4",
        "Year": 2001,
        "Color": "Purple"
    },
    {
        "FirstName": "Yelena",
        "LastName": "Mattusevich",
        "Make": "BMW",
        "Model": "7 Series",
        "Year": 2000,
        "Color": "Teal"
    },
    {
        "FirstName": "Aeriell",
        "LastName": "Lewing",
        "Make": "Ford",
        "Model": "Econoline E350",
        "Year": 2000,
        "Color": "Pink"
    },
    {
        "FirstName": "Teddy",
        "LastName": "Evreux",
        "Make": "Mercury",
        "Model": "Mountaineer",
        "Year": 2002,
        "Color": "Puce"
    },
    {
        "FirstName": "Eduino",
        "LastName": "Hayfield",
        "Make": "Hyundai",
        "Model": "Sonata",
        "Year": 2002,
        "Color": "Violet"
    },
    {
        "FirstName": "Laurie",
        "LastName": "Bramich",
        "Make": "Buick",
        "Model": "Rainier",
        "Year": 2004,
        "Color": "Aquamarine"
    },
    {
        "FirstName": "Carey",
        "LastName": "Osband",
        "Make": "Chevrolet",
        "Model": "Prizm",
        "Year": 2002,
        "Color": "Green"
    },
    {
        "FirstName": "Cthrine",
        "LastName": "Willoughby",
        "Make": "Plymouth",
        "Model": "Voyager",
        "Year": 1997,
        "Color": "Green"
    },
    {
        "FirstName": "Delilah",
        "LastName": "Esby",
        "Make": "Mitsubishi",
        "Model": "Montero Sport",
        "Year": 2003,
        "Color": "Puce"
    },
    {
        "FirstName": "Johannes",
        "LastName": "Dickman",
        "Make": "Hyundai",
        "Model": "Veracruz",
        "Year": 2010,
        "Color": "Maroon"
    },
    {
        "FirstName": "Julia",
        "LastName": "Pourvoieur",
        "Make": "Ford",
        "Model": "Probe",
        "Year": 1989,
        "Color": "Turquoise"
    },
    {
        "FirstName": "Derrik",
        "LastName": "Partner",
        "Make": "Mercedes-Benz",
        "Model": "300SE",
        "Year": 1993,
        "Color": "Violet"
    },
    {
        "FirstName": "Chad",
        "LastName": "Lampitt",
        "Make": "Honda",
        "Model": "Passport",
        "Year": 1996,
        "Color": "Indigo"
    },
    {
        "FirstName": "Malina",
        "LastName": "Tordiffe",
        "Make": "Volkswagen",
        "Model": "GTI",
        "Year": 1989,
        "Color": "Fuscia"
    },
    {
        "FirstName": "Flss",
        "LastName": "Rubi",
        "Make": "Mercury",
        "Model": "Tracer",
        "Year": 1989,
        "Color": "Red"
    },
    {
        "FirstName": "Augusto",
        "LastName": "Konmann",
        "Make": "Mercedes-Benz",
        "Model": "600SEL",
        "Year": 1993,
        "Color": "Yellow"
    },
    {
        "FirstName": "Eugine",
        "LastName": "Westhoff",
        "Make": "Chevrolet",
        "Model": "Corvette",
        "Year": 1963,
        "Color": "Violet"
    },
    {
        "FirstName": "Suzanna",
        "LastName": "Birney",
        "Make": "Infiniti",
        "Model": "Q",
        "Year": 1998,
        "Color": "Red"
    },
    {
        "FirstName": "Jenica",
        "LastName": "Marikhin",
        "Make": "Chrysler",
        "Model": "Concorde",
        "Year": 2004,
        "Color": "Mauv"
    },
    {
        "FirstName": "Desiri",
        "LastName": "Whelpdale",
        "Make": "GMC",
        "Model": "Sierra 1500",
        "Year": 2002,
        "Color": "Puce"
    },
    {
        "FirstName": "Shae",
        "LastName": "Theriot",
        "Make": "Mercury",
        "Model": "Villager",
        "Year": 2000,
        "Color": "Fuscia"
    },
    {
        "FirstName": "Sharai",
        "LastName": "Swanbourne",
        "Make": "Mazda",
        "Model": "Mazda3",
        "Year": 2012,
        "Color": "Aquamarine"
    },
    {
        "FirstName": "Bax",
        "LastName": "McMonies",
        "Make": "GMC",
        "Model": "Jimmy",
        "Year": 1995,
        "Color": "Purple"
    },
    {
        "FirstName": "Salome",
        "LastName": "Ellse",
        "Make": "Dodge",
        "Model": "Caravan",
        "Year": 2012,
        "Color": "Pink"
    },
    {
        "FirstName": "Clarissa",
        "LastName": "Childes",
        "Make": "Ford",
        "Model": "F150",
        "Year": 2002,
        "Color": "Violet"
    },
    {
        "FirstName": "Tonie",
        "LastName": "Balshaw",
        "Make": "BMW",
        "Model": "Z3",
        "Year": 2001,
        "Color": "Green"
    },
    {
        "FirstName": "Sarajane",
        "LastName": "Gawkes",
        "Make": "Volkswagen",
        "Model": "GTI",
        "Year": 2000,
        "Color": "Violet"
    },
    {
        "FirstName": "Antonio",
        "LastName": "Gerard",
        "Make": "Mercedes-Benz",
        "Model": "S-Class",
        "Year": 2001,
        "Color": "Aquamarine"
    },
    {
        "FirstName": "Dot",
        "LastName": "Collington",
        "Make": "Pontiac",
        "Model": "Torrent",
        "Year": 2009,
        "Color": "Goldenrod"
    },
    {
        "FirstName": "Kim",
        "LastName": "Edinboro",
        "Make": "Cadillac",
        "Model": "STS",
        "Year": 2009,
        "Color": "Yellow"
    },
    {
        "FirstName": "Ginger",
        "LastName": "Harsent",
        "Make": "GMC",
        "Model": "Savana",
        "Year": 2010,
        "Color": "Pink"
    },
    {
        "FirstName": "Janetta",
        "LastName": "Hicken",
        "Make": "Jeep",
        "Model": "Wrangler",
        "Year": 2007,
        "Color": "Green"
    },
    {
        "FirstName": "Waneta",
        "LastName": "Durning",
        "Make": "GMC",
        "Model": "2500",
        "Year": 1998,
        "Color": "Turquoise"
    },
    {
        "FirstName": "Fredia",
        "LastName": "Dixsee",
        "Make": "Buick",
        "Model": "LeSabre",
        "Year": 1988,
        "Color": "Fuscia"
    },
    {
        "FirstName": "Sissie",
        "LastName": "Giacomi",
        "Make": "GMC",
        "Model": "Yukon",
        "Year": 1992,
        "Color": "Crimson"
    },
    {
        "FirstName": "Shelly",
        "LastName": "Heinzel",
        "Make": "Jeep",
        "Model": "Cherokee",
        "Year": 1996,
        "Color": "Crimson"
    },
    {
        "FirstName": "Paolina",
        "LastName": "Beaushaw",
        "Make": "Chevrolet",
        "Model": "Silverado",
        "Year": 2009,
        "Color": "Fuscia"
    },
    {
        "FirstName": "Cointon",
        "LastName": "Buckeridge",
        "Make": "Audi",
        "Model": "R8",
        "Year": 2009,
        "Color": "Fuscia"
    },
    {
        "FirstName": "Gustave",
        "LastName": "Karppi",
        "Make": "Mercedes-Benz",
        "Model": "SL-Class",
        "Year": 1992,
        "Color": "Red"
    },
    {
        "FirstName": "Osbourne",
        "LastName": "Baudin",
        "Make": "Nissan",
        "Model": "Pathfinder",
        "Year": 2011,
        "Color": "Khaki"
    },
    {
        "FirstName": "Marti",
        "LastName": "Benne",
        "Make": "Corbin",
        "Model": "Sparrow",
        "Year": 2004,
        "Color": "Indigo"
    },
    {
        "FirstName": "Montague",
        "LastName": "Halsted",
        "Make": "Land Rover",
        "Model": "LR4",
        "Year": 2011,
        "Color": "Puce"
    },
    {
        "FirstName": "Wenona",
        "LastName": "Konertz",
        "Make": "GMC",
        "Model": "Sierra 1500",
        "Year": 2003,
        "Color": "Mauv"
    },
    {
        "FirstName": "Brandais",
        "LastName": "Breckell",
        "Make": "Suzuki",
        "Model": "Vitara",
        "Year": 2003,
        "Color": "Pink"
    },
    {
        "FirstName": "Rebeka",
        "LastName": "MacParlan",
        "Make": "Dodge",
        "Model": "Caravan",
        "Year": 2009,
        "Color": "Orange"
    },
    {
        "FirstName": "Keene",
        "LastName": "Grzesiewicz",
        "Make": "Mazda",
        "Model": "B-Series Plus",
        "Year": 1993,
        "Color": "Teal"
    },
    {
        "FirstName": "Meade",
        "LastName": "Prinnett",
        "Make": "Pontiac",
        "Model": "Trans Sport",
        "Year": 1999,
        "Color": "Pink"
    },
    {
        "FirstName": "Bayard",
        "LastName": "Woolcocks",
        "Make": "Cadillac",
        "Model": "XLR",
        "Year": 2005,
        "Color": "Violet"
    },
    {
        "FirstName": "Carina",
        "LastName": "Fillimore",
        "Make": "Volvo",
        "Model": "S60",
        "Year": 2011,
        "Color": "Pink"
    },
    {
        "FirstName": "Tonye",
        "LastName": "Sawyer",
        "Make": "Suzuki",
        "Model": "Daewoo Lacetti",
        "Year": 2006,
        "Color": "Teal"
    },
    {
        "FirstName": "Gallard",
        "LastName": "Yokley",
        "Make": "Jaguar",
        "Model": "X-Type",
        "Year": 2006,
        "Color": "Pink"
    },
    {
        "FirstName": "Randolph",
        "LastName": "Matis",
        "Make": "Lincoln",
        "Model": "Continental",
        "Year": 1992,
        "Color": "Puce"
    },
    {
        "FirstName": "Dedra",
        "LastName": "Snadden",
        "Make": "Saab",
        "Model": "9000",
        "Year": 1997,
        "Color": "Fuscia"
    },
    {
        "FirstName": "Maximo",
        "LastName": "Gieves",
        "Make": "Mercedes-Benz",
        "Model": "SL-Class",
        "Year": 1990,
        "Color": "Orange"
    },
    {
        "FirstName": "Sapphire",
        "LastName": "Rosenfield",
        "Make": "Cadillac",
        "Model": "Escalade ESV",
        "Year": 2006,
        "Color": "Fuscia"
    },
    {
        "FirstName": "Glenn",
        "LastName": "Burgin",
        "Make": "Lincoln",
        "Model": "Navigator L",
        "Year": 2009,
        "Color": "Green"
    },
    {
        "FirstName": "Ronnie",
        "LastName": "Gergus",
        "Make": "Toyota",
        "Model": "Sienna",
        "Year": 2012,
        "Color": "Green"
    },
    {
        "FirstName": "Moll",
        "LastName": "Lamble",
        "Make": "Isuzu",
        "Model": "Ascender",
        "Year": 2008,
        "Color": "Goldenrod"
    },
    {
        "FirstName": "Camile",
        "LastName": "Derrick",
        "Make": "Dodge",
        "Model": "Journey",
        "Year": 2012,
        "Color": "Orange"
    },
    {
        "FirstName": "Brit",
        "LastName": "Bruckner",
        "Make": "Chevrolet",
        "Model": "SSR",
        "Year": 2003,
        "Color": "Puce"
    },
    {
        "FirstName": "Hyacintha",
        "LastName": "Johnstone",
        "Make": "Mazda",
        "Model": "Miata MX-5",
        "Year": 2002,
        "Color": "Crimson"
    },
    {
        "FirstName": "Ulrich",
        "LastName": "Filkin",
        "Make": "Chevrolet",
        "Model": "Express 3500",
        "Year": 1997,
        "Color": "Maroon"
    },
    {
        "FirstName": "Gav",
        "LastName": "Gerran",
        "Make": "Hyundai",
        "Model": "Santa Fe",
        "Year": 2012,
        "Color": "Goldenrod"
    },
    {
        "FirstName": "Rhiamon",
        "LastName": "Bernaldo",
        "Make": "Porsche",
        "Model": "944",
        "Year": 1991,
        "Color": "Pink"
    },
    {
        "FirstName": "Melonie",
        "LastName": "Quincey",
        "Make": "Mazda",
        "Model": "B-Series Plus",
        "Year": 1998,
        "Color": "Yellow"
    },
    {
        "FirstName": "Berkley",
        "LastName": "Kolin",
        "Make": "Chevrolet",
        "Model": "Tracker",
        "Year": 1998,
        "Color": "Orange"
    },
    {
        "FirstName": "Lind",
        "LastName": "Birkwood",
        "Make": "Buick",
        "Model": "LaCrosse",
        "Year": 2010,
        "Color": "Purple"
    },
    {
        "FirstName": "Adria",
        "LastName": "Fawbert",
        "Make": "Mercury",
        "Model": "Sable",
        "Year": 1992,
        "Color": "Indigo"
    },
    {
        "FirstName": "Maurizia",
        "LastName": "Marians",
        "Make": "Mercedes-Benz",
        "Model": "CL-Class",
        "Year": 2011,
        "Color": "Indigo"
    },
    {
        "FirstName": "Hal",
        "LastName": "Signe",
        "Make": "Lotus",
        "Model": "Esprit",
        "Year": 1994,
        "Color": "Indigo"
    },
    {
        "FirstName": "Eleanor",
        "LastName": "Bevens",
        "Make": "Chevrolet",
        "Model": "Silverado 3500",
        "Year": 2003,
        "Color": "Maroon"
    },
    {
        "FirstName": "Ebenezer",
        "LastName": "Dudin",
        "Make": "Hummer",
        "Model": "H3",
        "Year": 2006,
        "Color": "Puce"
    },
    {
        "FirstName": "Marji",
        "LastName": "Kingaby",
        "Make": "Isuzu",
        "Model": "Trooper",
        "Year": 2000,
        "Color": "Khaki"
    },
    {
        "FirstName": "Angy",
        "LastName": "Digginson",
        "Make": "Chevrolet",
        "Model": "Tahoe",
        "Year": 2004,
        "Color": "Khaki"
    },
    {
        "FirstName": "Graeme",
        "LastName": "Briatt",
        "Make": "Pontiac",
        "Model": "Grand Am",
        "Year": 1990,
        "Color": "Blue"
    },
    {
        "FirstName": "Suellen",
        "LastName": "Millar",
        "Make": "BMW",
        "Model": "530",
        "Year": 2003,
        "Color": "Red"
    },
    {
        "FirstName": "Odille",
        "LastName": "Cahen",
        "Make": "Chevrolet",
        "Model": "Corvette",
        "Year": 1992,
        "Color": "Indigo"
    },
    {
        "FirstName": "Kasper",
        "LastName": "Ingree",
        "Make": "Mazda",
        "Model": "MPV",
        "Year": 2005,
        "Color": "Violet"
    },
    {
        "FirstName": "Hildy",
        "LastName": "Rousby",
        "Make": "Lincoln",
        "Model": "Mark VIII",
        "Year": 1997,
        "Color": "Crimson"
    },
    {
        "FirstName": "Marabel",
        "LastName": "Gebb",
        "Make": "Subaru",
        "Model": "Legacy",
        "Year": 1999,
        "Color": "Pink"
    },
    {
        "FirstName": "Geralda",
        "LastName": "Noni",
        "Make": "Dodge",
        "Model": "Dakota",
        "Year": 2002,
        "Color": "Crimson"
    },
    {
        "FirstName": "Lotty",
        "LastName": "Alfuso",
        "Make": "Ford",
        "Model": "F350",
        "Year": 1999,
        "Color": "Khaki"
    },
    {
        "FirstName": "Helge",
        "LastName": "Stichall",
        "Make": "Toyota",
        "Model": "4Runner",
        "Year": 1995,
        "Color": "Pink"
    },
    {
        "FirstName": "Cheslie",
        "LastName": "Liddington",
        "Make": "Isuzu",
        "Model": "Rodeo",
        "Year": 1996,
        "Color": "Pink"
    },
    {
        "FirstName": "Kelvin",
        "LastName": "MacVicar",
        "Make": "Kia",
        "Model": "Rondo",
        "Year": 2009,
        "Color": "Red"
    },
    {
        "FirstName": "Blondell",
        "LastName": "Margetson",
        "Make": "Hyundai",
        "Model": "Accent",
        "Year": 2011,
        "Color": "Indigo"
    }
]