﻿Manufacturer,Name,Price,Image
Mattel,Power Wheels Lightyear Star Command Base Transport Ride-On Vehicle,179,https://i5.walmartimages.com/asr/d3d0d3ca-641d-4a8f-a83b-eb3ebb63ec75.b09f023cc3152f72e820247bb14d3871.jpeg
Nerf,Perses MXIX-5000 Nerf Rival Motorized Blaster (red),79.99,https://i5.walmartimages.com/asr/8552545d-987d-4109-acb3-88deda93f629_1.e09ca83878389453fe22ab835d4461b9.jpeg
Jetson,Jetson Jupiter Kids' Kick Scooter with LED Lights,29.99,https://m.media-amazon.com/images/I/519xg0h3mgL._AC_UL480_FMwebp_QL65_.jpg
Big Potato Store,The Chameleon Board Game,19.79,https://m.media-amazon.com/images/I/818mDQRYqsL._AC_UL480_FMwebp_QL65_.jpg
Najiaxiaowu,Sunset Hideaway 1000pc Puzzle,14.99,https://m.media-amazon.com/images/I/61ezcJVz-lL._AC_SX679_.jpg
